ID	kmeans	network	red
875	3	6	5
903	1	6	3
2172	1	6	2
2426	3	6	3
10221	3	6	2
10877	3	3	5
12217	4	3	5
12504	4	7	2
18093	3	6	6
18903	1	6	3
22253	3	6	3
34623	3	6	3
35383	3	3	0
35673	3	6	6
36183	3	6	6
36713	3	6	2
53013	3	0	3
68953	3	6	5
78453	3	6	6
78783	3	5	4
189663	3	6	6
356683	4	7	2
611823	3	6	6
636923	3	6	6
638563	3	6	3
642543	3	3	3
653053	3	6	6
658643	3	3	6
658683	3	6	6
659533	4	7	2
666293	3	6	6
672863	4	7	2
674883	4	7	2
689183	3	6	6
698193	3	6	6
725953	3	6	6
738633	3	6	6
751503	3	6	6
752603	3	6	6
755033	3	6	3
755653	3	5	4
755859	3	6	6
756278	3	6	6
761023	4	7	2
771681	4	6	2
777885	3	5	4
784912	3	6	3
790249	3	3	5
801123	4	6	2
803074	3	3	3
815897	3	3	6
817386	3	6	6
819148	3	6	3
972651	3	6	6
979061	3	0	3
979811	7	3	0
987681	3	5	6
1006521	3	7	6
1050111	3	6	6
1068751	3	3	1
1089691	2	5	4
1150401	3	3	5
1155631	3	3	5
1222781	3	3	5
1286041	3	6	5
1343871	4	7	2
1437841	3	6	5
1538211	3	5	4
1550251	3	6	6
1563001	1	6	3
1594471	1	6	3
1622441	3	3	6
1671651	3	6	4
1677981	3	7	2
1690351	1	6	3
1693831	3	3	5
1897081	3	6	6
2017551	2	5	4
2024491	3	6	6
2087371	4	0	5
2212361	3	3	5
2223291	4	7	2
2242231	3	7	6
2257251	2	6	6
2373551	3	5	4
2684451	3	3	3
2741351	1	6	3
2899671	6	3	3
2913451	4	7	2
3007491	3	3	5
3250521	3	6	6
3257461	3	6	6
3468981	3	6	1
3909641	3	6	6
4258171	3	3	5
4528281	3	0	3
4546251	3	3	3
4571321	1	6	3
4641021	3	6	6
5017391	3	3	3
5026991	3	3	5
5532312	3	6	6
5674912	3	5	5
5716352	3	6	6
5723242	1	6	3
5735232	4	6	2
5746402	3	6	6
5777542	3	6	6
5834352	3	6	6
5863782	3	3	5
5903472	3	6	2
5998082	4	7	2
6135062	3	3	1
6187302	3	3	5
6208362	3	7	5
6214082	3	7	6
6312822	1	3	3
6681532	3	6	3
6827332	3	6	6
6861272	3	3	5
6911532	3	3	1
6949612	1	6	3
6981492	3	6	3
6985162	1	3	3
7006222	2	5	4
7131752	3	0	3
7141052	1	6	3
7144422	3	6	6
7213362	3	7	2
7237922	3	6	2
7251502	2	5	4
7284312	3	6	2
7285302	2	5	4
7331272	4	7	2
7352612	4	7	2
7439852	3	0	3
7610582	3	6	3
7635182	3	6	6
7638992	4	6	1
7805972	4	7	2
7981252	3	7	3
8060842	3	6	6
8072642	3	6	6
8076052	4	7	2
8108292	4	6	2
8204972	4	7	2
8315692	2	6	4
8358552	4	7	2
8390682	3	7	2
8543882	1	6	3
8658242	3	7	6
8889522	3	6	3
8950192	4	7	2
9024412	3	5	4
9047312	3	6	6
9213202	6	3	0
9257862	3	6	3
9259892	3	3	5
9334052	3	3	5
9364102	3	1	5
9419482	3	5	4
9427242	3	6	6
9525052	3	6	6
9580792	3	6	6
9613162	3	5	3
9677102	3	5	1
9688342	3	0	6
9767742	3	0	3
9771682	3	5	3
9820812	4	7	2
9871212	3	7	6
9916982	3	6	5
10087062	3	6	3
10194392	3	7	5
10397362	2	5	4
10446382	3	6	3
10505162	3	3	5
10675922	2	5	4
10780612	3	3	6
10802892	3	5	4
10855252	3	0	3
11087102	3	7	6
11215482	3	3	0
11405762	4	6	2
11406792	7	6	2
11469602	3	6	6
11482102	2	5	4
11537152	3	3	5
11798592	3	3	5
12039262	3	3	5
12047992	3	6	6
12128432	3	3	5
12132212	3	3	6
12235032	3	6	6
12266272	4	7	2
12273252	5	6	3
12290352	3	3	5
12313592	1	6	3
12470902	3	6	3
12609722	3	6	4
12724562	4	7	2
12744742	3	6	3
12831092	3	7	4
12914572	4	7	2
12984782	4	7	2
13077772	3	3	6
13160962	3	6	6
13594482	1	6	3
13904812	3	6	0
13945572	3	3	5
14003912	5	6	3
14060637	3	6	6
14060640	3	3	3
14061743	3	6	6
14068631	3	6	3
14080534	3	3	3
14082105	3	0	3
14097734	3	3	6
14097779	1	3	3
14101591	3	6	3
14103188	3	0	3
14114228	3	6	5
14134854	6	3	0
14142709	4	6	2
14148326	3	5	6
14149386	3	6	6
14151652	3	3	6
14155103	3	6	6
14156676	3	5	4
14157068	3	6	3
14161143	3	6	3
14166065	3	6	6
14173057	4	7	2
14177252	2	5	4
14186490	3	6	3
14188163	3	3	5
14188890	3	6	3
14199907	4	6	2
14202167	3	6	3
14209427	3	5	4
14217197	3	6	3
14226811	3	6	3
14227194	3	6	6
14231571	2	5	4
14234486	1	6	3
14237651	3	0	3
14246782	3	6	6
14255185	3	6	5
14260072	6	3	0
14300115	4	7	2
14302336	1	0	5
14302937	3	6	6
14315601	3	3	0
14335967	3	5	4
14339376	4	7	2
14344677	3	6	5
14347282	3	6	6
14347790	3	6	1
14355425	3	7	1
14357305	3	5	4
14358900	4	7	2
14360752	3	6	6
14365611	3	7	2
14366170	3	3	6
14372486	3	6	6
14375228	3	0	3
14375372	3	6	3
14389528	4	7	2
14395568	3	3	6
14397549	4	7	2
14398655	2	5	4
14406061	3	6	6
14410190	3	6	6
14412930	6	3	0
14417508	3	6	3
14430504	2	5	4
14438627	3	3	3
14445315	3	0	6
14453634	3	7	5
14453698	3	6	3
14463726	3	6	6
14472196	4	6	3
14478288	3	6	6
14491482	3	0	6
14507319	3	5	4
14527403	3	6	3
14539324	3	6	1
14546264	3	5	4
14566237	3	6	6
14577594	3	6	3
14593458	3	7	5
14604243	6	3	0
14626987	3	6	6
14635769	3	5	3
14643241	1	6	3
14658540	3	6	5
14663958	1	6	2
14680556	4	7	2
14703894	3	3	5
14725574	4	0	5
14743926	3	6	3
14752818	4	4	5
14771735	3	6	5
14780562	3	6	3
14783420	3	3	5
14784842	4	7	2
14797245	4	5	2
14802364	3	0	3
14815081	2	5	4
14829605	3	6	6
14833020	1	6	3
14865941	3	3	6
14870555	3	6	2
14877196	3	6	6
14879113	3	3	4
14882065	3	6	6
14883072	2	5	4
14890530	1	3	3
14894908	3	6	3
14913623	7	3	0
14936888	3	0	3
14940197	3	3	1
14967638	3	7	2
14979258	4	6	2
14989726	4	7	2
15003288	3	6	3
15008936	3	6	6
15022336	3	6	6
15027362	3	6	6
15052343	3	3	5
15059496	4	7	2
15060567	3	5	6
15063088	3	3	6
15066271	3	6	6
15070958	4	7	2
15080070	3	5	4
15086405	3	6	6
15133590	3	3	0
15136631	3	6	2
15143065	3	5	4
15151306	3	0	3
15152640	3	6	6
15159694	4	7	2
15174093	2	6	4
15190179	3	6	3
15197938	3	6	2
15209240	4	6	2
15212851	4	7	2
15228823	3	6	3
15228931	6	3	0
15251758	3	5	2
15267898	3	5	3
15270123	3	6	2
15275550	3	5	4
15332616	5	6	3
15348159	3	6	1
15383958	3	3	1
15395727	3	6	6
15398988	3	6	6
15403842	3	0	6
15407039	3	6	1
15416541	3	6	3
15427914	3	3	1
15440049	4	7	2
15447922	2	5	4
15458539	3	6	3
15461835	3	0	5
15463446	3	3	5
15464273	3	6	6
15508191	3	6	6
15523081	3	6	6
15523460	3	7	6
15535975	3	6	6
15545124	3	3	3
15571944	3	6	3
15575993	3	3	5
15576787	3	3	5
15581876	3	6	6
15596736	3	6	3
15606719	3	3	5
15654208	6	3	0
15661911	3	3	6
15662791	3	6	1
15681726	3	6	1
15684784	3	7	2
15714461	3	3	5
15715971	2	5	4
15752932	4	7	2
15753421	2	5	4
15760192	6	3	0
15789755	4	7	2
15791237	3	7	6
15830701	3	6	1
15848802	3	6	2
15881468	3	3	6
15894801	3	6	6
15907943	3	3	6
15936679	3	3	6
15951166	3	6	3
15958614	3	7	6
16031160	3	7	2
16031975	2	5	4
16063851	3	7	5
16063991	3	6	6
16184358	3	6	6
16218411	3	6	1
16220081	3	6	1
16290599	4	6	2
16292903	5	6	3
16318564	3	0	3
16326650	3	6	3
16336036	4	7	2
16364081	6	3	0
16369316	2	6	4
16376247	3	3	5
16378860	3	3	6
16393792	3	6	5
16439625	3	6	6
16444535	3	5	4
16450870	4	7	2
16452299	3	6	1
16573230	3	6	6
16606794	3	6	3
16644648	3	6	6
16662889	3	0	6
16669384	3	5	4
16711478	3	3	1
16740465	3	5	4
16803469	3	6	6
16817783	3	3	6
16821970	2	5	4
16894022	4	7	2
16944165	3	3	5
16946507	3	6	6
16985330	3	6	4
17051846	3	6	3
17085074	3	6	6
17104996	1	3	3
17107857	4	6	2
17212410	4	7	2
17248576	3	6	6
17249433	3	5	4
17284240	3	7	6
17297018	3	5	6
17343329	3	6	3
17351544	4	6	2
17376430	3	6	6
17394386	3	3	6
17448440	3	6	6
17464678	4	7	2
17469576	3	6	6
17501542	3	6	2
17506533	3	6	3
17524072	3	3	6
17530043	1	6	3
17583030	3	3	5
17589722	3	5	4
17599131	5	6	3
17599215	5	6	3
17607629	4	6	2
17618643	3	3	3
17692697	3	3	5
17703257	3	0	3
17704355	3	6	6
17712725	6	3	0
17738585	3	3	5
17784077	6	3	0
17804002	3	6	3
17808270	3	5	4
17822376	3	0	3
17840811	4	7	2
17855647	3	6	3
17871578	4	7	2
17901515	3	6	3
17912724	3	6	6
17925696	3	0	3
17934912	3	6	5
17963054	3	6	3
18022397	3	3	5
18086399	2	5	4
18104218	2	5	4
18117773	3	3	5
18131006	3	3	6
18131313	4	7	2
18203373	3	6	3
18209839	3	6	6
18254098	3	6	6
18291974	3	6	3
18316576	3	3	5
18334191	3	6	3
18370717	3	3	5
18383401	3	6	2
18518062	7	6	3
18553922	3	0	5
18602194	4	7	2
18657572	3	7	6
18690832	3	5	4
18722530	3	3	6
18784415	1	6	3
18785068	3	6	3
18794580	5	6	3
18794961	1	6	4
18804306	3	6	6
18829279	3	3	0
18863829	3	6	6
18865450	3	3	6
18969786	3	3	5
18997528	3	6	3
19007006	3	6	6
19088161	3	6	6
19092024	3	6	6
19105759	4	7	2
19160084	3	3	3
19182150	3	5	3
19189955	3	6	6
19225408	3	6	5
19233144	2	5	4
19287300	2	5	4
19312115	3	6	6
19551655	3	6	3
19558701	3	3	6
19568260	3	6	3
19571570	6	3	0
19604066	3	6	4
19664443	3	3	5
19674394	3	5	4
19691153	3	3	6
19714244	3	6	6
19745636	3	3	3
19805683	3	6	3
19855268	4	7	2
19873956	3	6	6
19883312	3	3	5
19895809	3	3	1
19910730	6	3	0
19963403	3	6	3
20129541	3	3	5
20239378	3	3	5
20328096	6	3	0
20407667	4	7	2
20427743	3	7	6
20463794	3	3	3
20542450	3	5	5
20584314	3	6	3
20593735	3	5	5
20904050	3	3	3
20945734	6	3	0
21116558	3	6	3
21145876	3	6	6
21253062	3	6	5
21365675	3	6	6
21399337	3	6	2
21412225	3	0	3
21451409	3	6	6
21477756	3	6	6
21507094	3	6	3
21766340	3	7	2
21782915	3	6	3
21798156	3	6	6
21925455	3	6	3
21927673	2	5	4
22105825	3	6	5
22114874	3	6	6
22143168	0	6	7
22344572	3	6	3
22348273	3	6	6
22377137	4	7	2
22406530	3	3	4
22425873	3	0	5
22442366	3	3	5
22459900	3	7	6
22539767	3	3	1
22599121	3	3	3
22607047	3	5	4
22642033	3	3	5
22648205	4	7	2
22833541	3	6	4
22844737	3	0	6
22852745	3	3	3
22857234	4	7	2
22872048	3	6	3
22903017	4	7	2
22913041	4	5	2
22922008	3	6	6
22953229	3	6	6
22974708	3	6	3
23085508	1	6	3
23189284	3	5	4
23238557	3	6	5
23255992	3	6	6
23365521	3	5	4
23544392	3	0	6
23760993	3	6	6
23823528	3	6	5
23915691	1	6	2
23978155	3	6	3
23986953	3	3	5
24018294	4	7	2
24179617	3	6	6
24459371	3	6	6
24490048	3	6	6
24878404	4	6	2
24905818	3	5	4
24923263	3	6	6
25128034	3	6	1
25327702	3	6	6
25338609	3	7	6
25365743	0	6	7
25416553	0	6	7
25602445	3	5	6
25696755	5	6	3
25703613	3	5	3
25791837	1	3	3
25805010	3	3	5
25819408	4	7	2
25985929	3	0	3
26087517	3	3	6
26089506	4	7	2
26148542	3	6	7
26319524	0	6	7
26644148	3	3	5
26738929	0	6	7
26753313	3	0	5
26814332	6	3	0
27281198	3	3	5
27321286	4	6	2
27458668	3	5	1
27686496	3	6	6
27761892	3	6	6
28006594	3	3	5
28457873	4	7	2
28463821	6	3	0
28504723	3	3	5
28628958	4	7	2
29146962	3	3	6
29232120	3	3	2
29264467	3	6	6
29522365	0	6	7
29630960	0	6	7
29638408	3	6	3
30006068	3	6	2
30027730	3	3	6
30040492	3	6	6
30054058	3	7	6
30225035	3	6	6
30345218	0	6	7
30593538	3	6	6
31541791	7	3	0
32160290	4	7	2
32177218	3	6	6
32572068	3	5	4
32582073	2	5	4
32809351	3	6	6
32973382	4	7	2
33243592	3	6	6
33255743	3	6	2
33333639	4	6	3
33362526	3	6	3
33377290	3	6	6
33418013	3	3	5
33429714	3	3	4
33445852	0	6	7
33493226	3	6	6
33725241	4	7	2
33799821	6	3	0
33818674	3	6	4
34050619	3	6	4
34522355	0	1	7
34590891	3	6	1
35014791	1	6	3
35018624	0	6	7
35089815	3	3	5
35203319	3	6	6
35647737	3	3	3
36102055	0	6	7
36104446	3	5	4
36159823	3	3	6
36281844	4	7	2
36622906	4	7	2
36640786	0	6	6
36711602	1	6	3
37019708	3	6	6
37119973	3	5	4
37120200	5	6	3
37159806	6	3	0
37243143	0	6	7
37430527	4	7	2
37432219	1	6	3
37671491	3	3	5
37856725	3	6	6
37937492	3	6	3
38096582	0	6	7
38216080	3	3	3
38259027	0	6	7
38699286	5	6	3
38815589	3	6	5
38822577	3	6	1
38841221	3	7	6
38887002	3	6	6
38897348	3	5	3
38908807	0	6	7
39129794	3	5	6
39247962	3	6	6
39255657	3	5	4
39306627	3	6	6
39663127	1	6	3
39909935	3	6	6
40584312	3	6	1
40632780	3	3	5
40654760	4	6	2
40669809	0	6	7
41038927	0	6	7
41379002	3	6	6
41399164	7	3	0
41463992	3	3	1
41475732	2	5	4
41628247	3	6	6
41785894	3	3	1
41807647	3	6	1
41843452	1	6	3
41845771	3	3	5
41986913	3	1	6
41992849	3	7	5
42125339	3	1	6
42370081	3	6	3
42574992	0	6	7
42710143	2	5	4
42878501	0	6	7
43436327	3	6	4
43476480	6	3	0
43541472	5	6	3
43828292	0	6	7
43830004	0	6	7
43925636	3	6	3
43998903	3	6	5
44119449	3	3	6
44166385	3	0	5
44178251	3	0	6
44217930	2	5	4
44332516	3	5	4
44516889	3	6	6
44821371	0	6	7
44921950	3	6	3
44923393	3	6	3
44957981	3	7	5
45228561	3	5	4
45432532	3	6	6
45824208	3	0	3
45848957	2	5	4
45905925	4	7	2
45973645	0	6	7
46425431	3	6	3
46705779	3	0	3
46912024	3	3	3
46986427	3	5	4
47118255	3	6	1
47202820	3	6	6
47469552	3	3	6
47482791	0	6	7
47796564	3	5	3
48329145	3	3	3
48633265	3	5	3
49063831	0	6	7
49180622	5	6	3
49196301	6	6	1
49203256	5	6	3
49254976	6	3	0
49292083	3	6	6
49455665	5	6	3
49639429	4	7	2
49675047	3	3	5
49794827	2	5	4
49964589	2	5	4
50018875	3	3	1
50459196	3	6	1
50669128	0	6	6
51313532	3	6	6
51439690	3	0	5
51648435	1	7	2
51690790	0	6	7
51768001	2	5	4
51813392	3	6	6
51860670	3	5	3
51972970	3	6	5
52247685	3	7	6
52490806	6	3	0
52885446	3	0	6
52976552	3	5	4
53298959	3	6	3
53561172	3	3	0
53563332	3	6	5
53596339	3	6	3
53651554	3	3	5
53930095	4	7	2
54202326	1	6	3
54466163	7	3	0
54647086	3	3	5
54754902	3	7	2
54834230	0	6	7
54887183	3	6	2
54998888	3	3	1
55155361	3	6	3
55353320	3	3	6
55874022	3	6	3
56142525	3	6	6
56251446	3	3	5
56318993	3	6	6
56362316	6	3	0
56380633	3	5	3
56700953	3	6	6
56722042	3	0	3
57022012	3	3	5
59172479	3	6	6
59498896	3	3	6
59977051	3	6	6
60179336	3	5	4
60333958	4	7	2
60563975	3	0	6
60761503	3	5	4
60845592	3	3	6
60934228	6	3	0
60935781	3	5	5
61005691	3	3	6
61268181	3	6	6
61328073	6	3	0
61449346	3	7	6
61507582	3	7	6
61550542	3	6	7
61680659	0	6	7
61890650	3	3	3
61912304	3	3	6
62007617	3	7	2
62113055	1	6	3
62231590	2	5	4
62446680	1	6	3
63039904	3	5	4
63096088	3	5	1
63494655	3	5	0
63636463	3	6	5
63778068	4	7	2
64289538	0	6	7
64581135	3	1	5
64594560	3	6	6
64887385	3	1	6
65052669	3	6	5
65277316	0	6	7
65283878	3	6	6
65484762	0	6	7
65565806	3	6	6
65875009	3	3	1
66284075	3	6	1
66351897	1	6	3
66619528	4	7	2
66793711	0	6	7
67338272	3	3	1
67435699	0	6	7
68055926	3	7	6
68596536	4	7	2
68625068	3	6	4
68946515	3	6	6
68961019	4	7	2
69091897	3	6	6
69442868	3	6	6
69568551	3	3	0
69814867	3	7	6
70364936	3	6	6
70977717	3	6	1
71487339	6	3	0
71793136	3	3	1
72052556	3	0	5
72073778	3	3	5
72126536	0	6	7
72272917	3	3	1
72766861	3	0	6
72905224	3	6	6
72991740	3	6	1
73221331	4	6	2
73338728	1	6	3
73933275	3	3	1
74039432	3	6	3
74471361	3	6	3
74587646	0	6	7
74743665	3	3	4
74746707	3	6	6
74857162	3	5	3
75132172	2	5	4
75247810	3	3	6
75326962	3	3	5
75911754	0	6	7
75943023	3	6	6
76347921	3	3	1
76447189	3	5	4
76734192	3	6	6
76759476	3	3	6
77181379	3	3	3
77923438	6	3	0
78149870	0	6	7
78173122	3	6	3
78369183	3	6	6
78569517	3	0	6
79196669	3	5	3
80027458	3	6	1
80680080	3	0	3
80721583	3	6	1
81148484	3	7	6
81421408	3	3	3
81553103	4	7	2
81564729	0	6	7
81578861	0	6	7
81685060	3	6	6
82929455	3	0	6
83271185	3	3	5
83300860	3	6	6
84374787	3	6	6
84379745	3	3	3
84403090	4	7	2
84634445	7	3	0
84849477	3	6	3
85113948	3	3	1
85191676	4	7	2
85744909	3	3	6
85757587	3	0	6
85913717	4	7	2
86053702	3	6	6
86315276	4	7	2
86433165	3	6	3
86456840	4	7	2
86763327	0	6	7
86878729	3	3	6
87051544	5	6	3
87324756	3	3	5
87441900	3	3	1
87496817	3	0	6
87889391	3	3	5
88099803	3	0	6
88500584	6	3	0
88614100	3	6	1
89191785	3	0	3
89354935	3	6	6
89469736	3	3	3
90043357	3	1	1
90267365	0	6	7
90313362	0	6	7
90337535	1	6	3
91687333	5	6	3
91762941	3	5	2
92341675	3	6	6
92369660	4	5	6
93156626	3	6	3
93186089	6	3	0
93382672	2	6	4
93753696	3	6	6
93998613	3	6	6
94045596	4	7	2
94120278	3	6	3
94150809	4	6	2
94316318	3	3	6
95749199	3	3	5
95993247	0	6	7
96323946	2	5	4
96514380	3	7	6
96517813	6	3	0
96723697	3	6	3
96875688	3	5	4
97388600	0	6	7
98523794	3	3	3
98764832	3	6	6
98785047	3	6	6
99005534	6	3	0
99052602	0	6	7
99198220	5	6	3
99891260	3	6	5
100453107	3	3	3
101021921	3	6	6
101159465	2	5	4
101670023	3	3	5
101961589	0	6	7
102102915	3	6	6
102119907	4	7	2
102851047	0	6	6
102947065	4	7	2
103185156	3	6	1
103227509	3	6	6
103466096	3	6	3
104119980	2	5	4
104360769	0	6	7
104639821	3	3	6
104730935	3	6	6
105028207	4	7	2
105765996	3	6	3
105899128	5	6	3
106798414	4	6	2
107448374	5	6	3
107530760	3	5	6
107770370	4	6	2
109047920	3	0	6
109254805	3	7	2
109433050	3	6	3
109498162	3	6	5
110120003	3	7	6
111150813	3	3	6
111729197	3	7	1
112187977	3	6	5
112237162	3	6	6
112243365	3	6	6
113127099	4	7	2
113456205	3	6	6
113583631	5	6	3
113961030	3	6	4
113967171	1	6	3
114221831	0	6	7
115709777	3	5	4
115873647	5	3	6
116197245	3	6	3
116964031	3	6	6
117106591	3	5	6
117117530	3	3	6
117737185	5	6	3
118280725	3	6	1
118364521	3	6	3
118957313	3	6	1
119117063	0	6	7
119461439	3	6	5
120272162	3	7	3
120761095	6	3	0
120829122	3	6	6
120903066	3	6	6
121233033	3	6	3
121843706	5	6	3
121853232	4	7	2
122162515	3	6	1
122665484	3	6	6
123224398	3	6	6
123329223	2	5	4
123661324	0	6	7
123859505	3	5	4
124457428	3	3	6
125558830	3	5	4
125743370	3	0	6
125861383	3	6	6
125958345	4	7	2
126484603	3	6	6
127978917	3	6	5
128452839	0	6	7
129998395	3	3	3
130203340	3	3	3
130555211	3	6	6
131257475	3	0	6
132115164	0	6	7
132235493	3	0	6
132595720	3	6	6
133063781	3	6	6
133116597	3	7	6
134056924	3	6	6
134132248	3	6	1
134517532	3	7	5
134604076	3	6	6
134878011	3	3	3
134935910	3	6	6
135184430	6	3	0
135203072	3	3	3
135404361	3	3	5
135551329	3	3	3
136496646	3	6	6
137023801	0	6	7
137269917	3	6	3
138132205	3	6	6
138669695	3	3	5
138677394	3	3	6
139398124	5	6	3
139438341	3	1	6
139443874	3	6	6
139658109	3	6	6
139900071	3	5	4
140251220	3	3	5
140541759	3	5	1
140743543	3	5	6
140898620	3	6	6
141258661	4	7	2
141992165	3	6	6
142847073	3	6	6
143590068	0	6	7
144350413	0	6	7
144634659	4	7	2
144972951	6	3	0
145201486	3	3	5
145677483	3	6	6
146323126	3	6	6
146525713	3	6	3
146615750	3	3	6
146854128	3	6	6
146969405	3	7	6
147696114	4	3	2
147998591	3	6	2
149512797	3	3	6
149730311	3	7	6
150242475	3	6	1
150414976	3	3	4
150970628	3	5	4
151153492	0	6	7
151195482	0	6	7
151608363	3	6	6
151974122	0	6	7
152115336	3	6	6
152143772	0	6	7
152420288	0	6	7
152614702	3	6	5
152984395	3	3	5
153648441	3	7	2
153816002	3	3	5
153985504	3	3	3
155408489	3	6	3
156192843	3	6	1
156271605	3	3	3
156476556	0	6	7
156918516	3	5	3
157167637	0	6	7
158400245	0	6	7
158778628	3	3	6
158821259	3	5	4
158838996	0	6	7
159111086	4	3	2
159576280	0	6	6
160042385	3	3	6
160139074	6	3	0
160331257	3	6	6
160983706	4	7	2
161278129	4	7	2
161723960	3	3	6
161790494	3	5	1
163168757	0	6	7
163581384	3	6	6
163603476	3	3	5
164571470	3	3	1
165503636	3	3	3
166034884	3	6	6
166421665	4	7	2
166928221	3	6	6
167061355	3	6	6
168169935	3	3	5
168258795	3	6	6
169172535	3	3	6
169555979	3	3	6
170589771	3	0	6
172280737	0	6	7
172649970	3	3	3
172916423	3	0	6
173544311	3	6	5
173751248	3	5	4
174531542	3	6	5
174680402	3	6	2
175442000	3	6	6
176270014	0	6	6
176725989	0	6	7
177203540	4	5	3
177260278	4	7	2
178082406	3	7	1
179089493	3	3	5
179782805	2	5	4
180683462	3	6	6
180784287	6	3	0
180921810	0	6	7
181090931	3	6	6
181346176	3	7	3
182936819	3	3	6
183003948	3	3	5
183999396	3	3	5
185177057	3	5	1
185590430	3	6	1
185986003	0	6	7
186200830	3	5	4
187344972	3	6	6
188048136	0	6	7
188481905	4	7	2
188767463	3	6	5
190387355	3	3	3
190988390	3	6	6
192977251	7	3	0
193988028	3	7	6
194429030	3	6	6
195194064	3	6	2
195992166	3	3	5
196621155	3	0	6
197732316	3	3	5
197955712	3	6	6
198554681	4	6	2
198559051	3	5	4
198732594	3	5	3
199052842	0	6	7
200512535	3	3	6
201483630	3	6	7
201998480	3	1	6
202106234	3	5	6
202233697	4	6	2
203024248	3	6	6
204008694	3	6	6
207167871	3	5	4
207194690	0	6	7
207209450	1	3	3
207793156	3	6	3
207890106	0	6	7
207959644	4	6	2
208238711	3	3	6
210629704	3	6	6
210632409	2	5	4
211020755	0	6	7
211856840	0	6	7
213240408	3	3	3
213536326	0	6	7
214121628	3	3	1
214635324	0	6	7
215454055	3	0	6
215625004	3	3	1
216117499	3	6	6
217046870	3	3	3
217259200	0	6	7
217565608	0	6	7
218645400	3	3	6
219161803	3	3	6
219535433	3	6	3
219549738	3	3	1
219601755	4	6	6
220771526	3	6	6
221421793	3	6	1
221446048	3	6	3
221453192	3	6	6
222006267	3	6	3
222540906	3	0	6
222678561	3	6	6
222881450	3	6	3
223028814	3	6	6
223867718	3	5	4
224019844	0	6	7
224448199	3	6	3
224460280	3	6	1
224786268	3	3	5
224875510	3	6	3
226111859	3	6	6
226624013	3	6	5
226950845	3	6	1
227506607	0	6	7
227586466	3	5	4
228163660	3	7	3
228592990	0	6	7
228660396	0	6	7
228907226	4	7	2
229188222	7	3	0
229256967	3	7	3
229318075	3	6	6
229869974	0	6	7
229981602	4	7	2
230096003	3	5	5
230254333	3	0	5
230269478	0	6	7
230575046	3	6	6
230646183	0	6	7
231668911	0	6	7
232086298	3	7	6
232298334	0	6	7
232941492	0	6	7
233576841	0	6	7
233634391	0	6	7
233679538	3	6	5
233713764	0	6	7
233819710	0	6	7
235762270	0	6	7
235769432	0	6	7
235820985	3	6	6
236120475	3	3	5
236351659	3	6	6
236572437	3	6	6
237439400	0	6	7
237484157	0	6	7
238701218	3	5	4
239002651	3	6	3
239053092	0	6	7
239664138	3	6	6
240048041	0	6	7
240441406	4	6	2
240614530	3	6	6
241316444	3	0	6
241588187	3	6	5
241732378	0	6	7
242144565	3	6	2
242589912	3	3	5
243153112	3	6	6
243181626	0	6	7
245704250	3	6	7
245892723	0	6	7
246561066	0	6	7
247388098	3	6	1
247558455	0	6	7
247578863	3	6	6
248042665	3	7	3
250497656	3	3	3
250736463	0	6	7
250775442	3	7	6
251222044	0	6	7
251368744	0	6	7
251793063	3	6	7
251804630	3	6	6
252683663	3	5	4
252798695	4	7	2
254081861	3	6	6
254525352	3	6	6
255199789	3	6	3
256287519	3	3	1
256371640	3	3	6
256693196	2	5	4
257776736	0	6	7
258108228	3	6	3
258122334	0	6	7
258215926	3	6	3
258801282	0	6	7
259008700	0	6	7
259022533	0	6	7
259052629	0	6	7
259923509	3	3	3
261009866	3	6	6
261012410	3	5	6
261792036	0	6	7
261816067	3	6	6
262142028	3	6	1
262324675	3	3	5
262955958	3	5	4
263007493	1	7	6
263026883	0	6	7
263267483	3	6	6
265104593	3	6	6
265742115	0	6	7
266213391	3	6	3
266360972	0	6	7
266569830	3	3	3
266810708	0	6	7
267361990	3	5	3
267580165	3	6	7
267657925	3	3	5
267724455	3	6	1
269392920	3	6	3
269638428	0	6	7
270232970	3	6	5
270441488	3	0	6
270595368	3	3	5
271349874	3	6	6
272074463	0	6	7
272275518	2	5	4
272298834	0	6	7
272665577	3	0	3
273014973	0	6	7
273116393	3	6	1
273304026	3	3	5
273601904	0	6	7
273684907	4	7	2
274562077	3	6	6
274571186	3	6	1
275686563	3	3	5
275747067	0	6	7
275930685	3	3	6
276667497	3	0	1
277568858	3	1	6
277613279	3	5	3
278677889	3	6	3
279033273	3	6	1
279538124	3	3	6
279777141	3	5	6
279827939	0	6	7
281348032	3	6	5
281987894	3	3	5
283835279	3	6	6
284058166	1	7	2
284381316	3	6	6
285238858	3	6	6
285799790	3	6	1
286715690	3	6	6
286803371	4	7	2
287086915	3	3	6
287387862	4	6	2
287931993	0	6	7
288295734	3	3	5
288460006	0	6	7
288883687	0	6	7
289209680	4	6	2
289246577	3	6	6
289703458	3	3	5
291791128	3	5	5
295927073	3	7	2
295944969	0	6	7
296522258	3	3	5
296911867	0	6	7
297301561	3	6	1
297349027	0	6	7
297546385	3	5	4
297665693	4	7	2
297739773	0	6	7
297854362	4	7	2
298138069	4	7	2
299390896	3	6	6
299659914	3	3	1
299898500	6	3	0
300574666	4	5	2
301023812	3	3	5
301166597	0	6	7
302606532	0	6	7
303278534	0	6	7
304641272	3	6	6
304677736	0	6	7
305891516	0	6	7
307730275	3	3	5
308727455	3	5	6
309563555	3	3	6
310418828	3	3	4
310475146	3	5	6
310895151	3	3	1
312169321	3	5	6
312472901	3	0	2
312663377	3	3	5
312846503	3	6	6
313496814	3	6	1
313531038	7	3	0
313987301	3	0	6
314407214	0	6	7
314468797	3	5	4
315239083	3	6	2
315498416	3	0	5
315884762	0	6	7
315927670	3	3	3
316122981	3	6	6
316126825	3	6	6
316684380	3	7	6
316747777	3	6	6
317190049	3	0	6
317295041	4	5	3
318148220	3	3	1
318393568	3	5	3
319206717	3	6	5
319856565	0	3	0
320514870	3	6	3
321786562	0	6	7
323066578	3	6	6
323252264	3	6	6
323888508	0	6	7
324229844	3	7	6
325290454	0	6	7
325354387	3	6	7
326110193	3	6	3
327191415	0	6	7
327550001	3	3	4
329058163	0	6	7
330002421	3	6	7
330367966	3	6	6
330631038	0	6	7
330680360	0	6	7
331946329	3	7	5
332397661	3	3	5
333056842	0	6	7
333529041	0	6	7
336362668	3	6	7
336827848	0	6	7
337532627	3	6	6
339995442	0	6	7
340488336	3	6	6
342328432	0	6	7
342514358	0	6	7
342720495	3	6	1
343304868	3	3	1
343948068	0	6	7
344520443	3	6	6
344903387	3	6	4
346483445	1	6	3
346795430	3	7	6
348429830	3	3	3
349271329	3	5	6
355263535	3	6	6
355844237	3	6	6
356881173	3	5	1
357023592	5	6	5
358380820	3	3	1
359444801	7	3	0
361570691	3	5	5
362072815	2	5	4
362130491	3	1	5
363329873	3	5	6
363594221	3	0	6
363654629	3	7	3
363835653	3	6	6
364197480	3	5	3
366493005	3	6	6
367837811	0	6	7
367937150	0	6	7
369199312	0	6	7
370136412	3	6	3
371487390	3	3	5
371887050	3	6	6
372312092	3	3	5
373656682	3	6	6
373672821	0	6	7
375922585	3	6	6
376516089	3	3	5
377781036	3	3	5
378175954	6	3	0
379101904	3	3	5
380097946	3	6	6
381058734	0	6	7
382163699	4	5	2
383272115	3	3	5
383999864	3	6	6
385771776	3	6	6
387824320	3	0	6
389218310	3	6	3
389585308	0	6	7
390270925	4	6	6
390452836	3	3	6
391695295	0	6	7
391921162	4	6	2
391977399	0	6	7
392116939	3	6	1
393384689	3	6	1
393648766	3	6	6
394116937	3	5	4
396106658	0	6	7
397660648	0	6	7
397743864	3	6	6
400297555	3	3	5
401063066	3	6	3
401281878	3	6	5
402896220	0	6	7
403245409	3	0	3
405100143	3	6	3
406634784	0	6	7
406766014	3	5	6
407584050	3	3	1
408805756	3	5	6
408879933	3	6	6
409588638	0	6	7
410355309	3	6	6
412305834	0	6	7
412638572	0	6	7
413710489	3	1	5
414011688	3	6	3
414192783	0	6	7
414404825	0	6	7
414623943	2	5	4
416050185	3	5	4
416151259	6	3	0
416521258	3	6	7
416693298	0	6	7
417848635	3	6	6
421083493	3	6	6
423119615	3	6	6
423826570	6	3	0
428413732	3	0	1
429705464	3	3	5
432199984	4	7	2
432660080	3	6	1
432938298	3	6	1
433624600	0	6	7
433665701	0	6	6
434304211	3	6	6
434630810	3	7	6
436238504	3	3	3
438242506	3	6	6
439637245	3	6	6
441436814	3	1	6
441735403	3	6	6
442981422	0	6	7
444188295	0	6	7
445098267	0	6	7
446243293	3	3	6
446578218	0	6	7
446603187	3	6	7
447456943	3	6	6
448829458	0	6	7
450611024	3	5	2
451108446	3	6	3
452999360	3	3	1
453920936	2	5	3
454242947	0	6	7
454257735	0	6	7
454929825	3	5	6
455274701	3	6	4
455673282	2	5	4
456239997	0	6	7
456512678	3	6	6
459008803	3	3	5
459504843	2	5	4
460544781	3	6	1
461959827	3	7	6
462535668	0	6	7
463544286	3	6	6
464284446	3	7	6
464316467	0	6	7
464943507	3	7	6
465689262	3	6	4
465739353	3	6	6
465765630	0	6	7
469800522	3	7	6
470027626	3	7	1
470757557	0	6	7
474283666	3	3	5
474644093	3	6	1
475108996	0	6	7
477093739	0	6	7
477135052	1	6	2
479719592	1	6	0
480026074	3	5	4
481547216	3	6	6
482871517	3	6	3
485076559	3	6	6
488048054	0	6	7
492174715	3	3	6
492277704	0	6	7
492749495	3	6	3
495542777	3	6	3
498742495	3	6	5
500469701	0	6	7
501278668	0	6	7
501363623	3	3	5
502772796	3	3	5
503198021	0	6	7
508194417	3	6	6
511069456	3	6	6
514744823	3	6	1
521171526	0	6	7
523136078	4	7	2
524714589	3	3	6
525784217	3	3	5
527684859	0	6	7
529797621	3	6	6
536729983	0	6	7
538699837	3	0	1
539256085	3	6	6
539355195	3	6	6
540270484	3	6	6
540711381	3	3	6
541691138	0	6	7
542479022	0	6	7
543567707	3	6	3
543804827	3	6	3
544832577	3	6	6
545531694	3	6	6
546672478	3	7	3
549388375	3	3	5
551358339	4	6	3
554523661	3	3	6
554953062	0	6	7
561075007	3	1	6
565657403	0	6	7
583375286	3	5	1
585037278	3	6	1
585410654	3	3	5
585485094	3	6	6
589311349	3	5	4
594683716	3	7	6
597981976	0	6	7
598472900	0	6	7
599656718	0	6	7
601912487	3	6	3
602661124	0	6	7
604216762	0	6	6
606083249	3	6	3
609773889	3	6	6
617902392	3	6	6
624051174	0	6	7
628733579	3	0	6
631769934	0	6	7
632113197	3	3	3
632300551	0	6	7
633530514	0	6	7
635639811	3	5	6
635918975	3	6	6
637443255	3	6	3
701819767	3	7	6
704106920	3	6	6
707843401	3	3	6
711436304	0	6	7
713387798	3	6	1
713941724	3	5	5
722249142	3	6	1
722394841	3	5	4
723829807	3	6	6
731223740	3	6	6
732784062	3	6	6
732889176	3	5	4
734363305	3	3	5
736010604	3	5	5
739759002	3	6	1
749911052	3	7	6
750272622	3	0	6
750469231	0	6	7
759059713	3	6	1
760369974	3	3	1
761646360	0	6	7
762386762	3	7	3
762948470	3	7	6
772041690	5	6	3
775091372	3	6	3
786807306	3	5	4
792376704	5	6	3
821244174	3	6	6
824465358	7	6	0
831568202	3	5	5
837014366	3	6	6
844832245	3	6	6
848649260	3	7	6
851334602	0	6	7
851720509	0	6	7
854101200	3	2	6
859016581	0	6	7
859688444	3	6	6
861604183	3	6	6
864499236	3	2	6
864695923	0	6	7
881815454	0	6	7
882763400	3	3	4
887148235	3	6	3
888666415	3	6	5
894351378	3	5	3
916066321	3	6	6
926200171	3	6	5
927979267	3	6	6
928895239	3	6	5
929183305	3	6	6
932740352	0	6	7
934052329	6	3	0
946079773	3	3	5
958170230	3	6	6
960093474	6	3	0
962437808	3	6	6
970200684	3	0	6
971822479	3	6	6
975266815	0	6	7
978003078	3	6	1
983519574	0	6	7
983588460	4	6	2
990218059	0	6	7
991824781	3	6	3
991953505	3	5	6
993055418	3	6	1
1005371676	3	3	6
1011576486	0	6	7
1018771207	3	6	6
1025256734	3	6	6
1026816122	3	6	6
1027141638	5	6	3
1027515500	3	5	1
1028624108	0	6	7
1043407046	0	6	7
1058869784	3	3	1
1063692055	0	6	7
1066793484	3	3	6
1072126590	0	6	7
1072749373	0	6	7
1083683586	3	6	5
1093945130	6	3	0
1111085274	3	6	1
1119703950	1	6	3
1120530091	0	6	7
1123327922	3	3	5
1132480237	3	0	1
1139200051	3	6	6
1146133807	3	7	6
1153276321	3	6	5
1160892398	3	6	3
1162036044	3	5	6
1163437148	3	5	6
1182979796	4	7	2
1187071904	3	3	5
1193239771	3	6	6
1197619002	3	0	3
1198151028	3	3	5
1205277985	3	6	1
1214256949	3	6	6
1214346157	3	6	6
1219058173	0	6	7
1237757929	3	3	3
1255770169	3	7	2
1264051598	3	0	3
1265932333	3	3	5
1275570596	3	5	1
1277851596	3	6	6
1285238412	3	6	6
1296802286	3	5	6
1300658372	3	6	6
1305845418	3	6	6
1306513860	3	0	6
1306958010	3	6	6
1329312133	3	6	5
1336384574	3	6	5
1336610791	3	6	1
1340618112	3	7	6
1377130068	0	6	7
1393159866	3	6	5
1400871444	3	1	5
1405765963	3	3	1
1422933402	3	6	1
1429584931	3	7	6
1431682465	3	6	5
1446309715	3	6	5
1446758370	3	6	6
1447403276	3	3	6
1449896868	3	6	5
1465776169	3	6	1
1466181618	0	6	7
1468574148	4	7	2
1475774791	3	6	3
1480130808	7	3	0
1490869105	3	6	3
1491578720	3	0	1
1503163128	3	6	6
1504381754	3	3	5
1506903050	3	6	6
1508684784	3	7	6
1511034536	3	5	6
